accession,year,organism,n_samples,title,replication_class,pooled_keyword,replicate_keyword,published_pmid,summary_excerpt
GSE79108,2017,Mus musculus,84,Identification of preoptic sleep-promoting neurons based on projection target,unclear,0,0,28514446,"The preoptic area (POA) of the hypothalamus is known to be crucial for sleep generation, but the spatial intermingling of sleep- and wake-promoting neurons makes it difficult to dissect the sleep control circuit. Here we identified a population of POA sleep-promoting neurons based on their projection target. Using a lentivirus for retrograde labeling with channelrhodopsin-2 (ChR2) followed by opto"
GSE145273,2020,Mus musculus,3647,Integrated single-cell analysis reveals coupled molecular gradient and functional subnetworks in the thalamic reticular nucleus,unclear,0,0,32699411,"The thalamic reticular nucleus (TRN), the major source of thalamic inhibition, is known to regulate thalamocortical interactions critical for sensory processing, attention and cognition. TRN dysfunction has been linked to sensory abnormality, attention deficit and sleep disturbance across multiple neurodevelopmental disorders. Currently, little is known about the organizational principles underlyi"
GSE147722,2020,Mus musculus,2,"CRISPR-Cas9-engineered PIGV341E mouse model mirrors human phenotype, shows hippocampal synaptic dysfunctions and suggests a major role of impaired Eph/Abl1 signaling in GPI anchor deficiencies",likely_unreplicated,0,0,33402532,"Pathogenic germline mutations in PIGV result in a glycosylphosphatidylinositol biosynthesis deficiency (GPIBD). Individuals with pathogenic biallelic mutations in genes of the GPI pathway show cognitive impairments, a motor delay and often epilepsies. Thus far, the pathophysiology underlying the disease remains unclear and suitable rodent models are lacking that mimic human pathophysiology. We the"
GSE145435,2021,Mus musculus,6,Short-term exposure to intermittent hypoxia leads to changes in gene expression seen in chronic pulmonary disease [single-cell RNA],unclear,0,0,33599610,"Obstructive sleep apnea (OSA) results from episodes of airway collapse and intermittent hypoxia (IH) and is associated with a host of health complications. Although the lung is the first organ to sense changes in oxygen levels, little is known about the consequences of IH to the lung hypoxia-inducible factor- (HIF)-responsive pathways. We hypothesized that exposure to IH would lead to cell-specifi"
GSE160581,2021,Mus musculus,4,Hyperexcitable arousal circuits cause sleep instability during aging,likely_unreplicated,0,0,,10X single nucleus RNAseq of hyprcretin neurons from lateral hypothalamus in young and aged mice
GSE179541,2021,Mus musculus,4,Complement factor C1q mediates sleep spindle disruption and epileptic spikes after mild brain injury,likely_unreplicated,0,0,34516796,"While traumatic brain injury (TBI) acutely disrupts the cortex, most TBI-related disabilities reflect secondary injuries that accrue over time. The thalamus is a likely site of secondary damage because of its reciprocal connections with the cortex. Using a mouse model of mild cortical injury that does not directly damage subcortical structures (mTBI), we found a chronic increase in C1q expression "
GSE137665,2022,Mus musculus,9,Single-cell transcriptomics and analysis for new molecular regulators of sleep,unclear,0,0,35986171,"The molecular mechanisms governing sleep are largely unknown. Here, we used a combination of single-cell RNA sequencing to interrogate the molecular and functional underpinnings of sleep. Different cell types in three important brain regions for sleep (brainstem, cortex and hypothalamus) had a similar transcriptional response to sleep need, with a large proportion of cells changing during recovery"
GSE188646,2022,Mus musculus,8,Single cell analysis of the aging hypothalamus,unclear,0,0,36285248,"Alterations in metabolism, sleep patterns, body composition, and hormone status are all key features of aging. The hypothalamus is a well-conserved brain region that controls these homeostatic and survival-related behaviors. Despite the importance of this brain region in healthy aging, little is known about the intrinsic features of hypothalamic aging. Here, we utilize single nuclei RNA-sequencing"
GSE200642,2022,Mus musculus,9,Integrative single cell and spatial transcriptomic analysis reveal reciprocal microglia-plasma cell crosstalk in the mouse brain during chronic Trypanosoma brucei infection,unclear,0,0,36180478,"Human African trypanosomiasis, or sleeping sickness, is caused by the protozoan parasite Trypanosoma brucei and induces profound reactivity of glial cells and neuroinflammation when the parasites colonise the central nervous system. However, the transcriptional and functional responses of the brain to chronic T. brucei infection remain poorly understood. By integrating single cell and spatial tran"
GSE208355,2022,Mus musculus,24,HypoMap – a unified single cell gene expression atlas of the murine hypothalamus,unclear,0,0,36266547,"The hypothalamus plays a key role in coordinating a plethora of fundamental body functions, such as energy homeostasis, social behavior and sleep. Despite recent progress in single-cell technologies, we still lack a unified catalogue and molecular characterization of the heterogeneous cell types and, specifically, neuronal subtypes in this brain region. Here, we combined 17 publicly available hypo"
GSE214337,2022,Mus musculus,4,Gene expression profile at single cell level of the cerebral cortex at different sleep need,likely_unreplicated,0,0,36477539,Gene expression profile varies along with sleep/wake behavior. We used single nucleus RNA sequencing (snRNA-seq) to analyze differentially expressed genes depending on sleep need.
GSE202071,2023,Mus musculus,2,The landscape of immune cells in the mouse HCC model with F1 and F3 subtype,likely_unreplicated,0,0,37540187,"In this study, we identified and validated a molecular classification of hepatocellular carcinoma (HCC) patients based on 42 fatty acid degradation (FAD) genes. The F1 subtype was characterized by the lowest expression of FAD genes, whereas F3 subtype had the highest expression levels, and F2 had the intermediate expression levels of FAD genes. We characterized the immune microenvironment in HCC p"
GSE211088,2023,Mus musculus,16,RNA-Seq and snRNA-seq analysis of Sleep deprivation in Wildtype Mice,replicated,0,1,39280614,This dataset constitutes the first snRNA-Seq study of gene expression following sleep deprivation in wildtype mice with paralell bulk-RNA-seq data. In addition it contains RNA-seq analysis of the effect of recovery sleep following sleep deprivation
GSE213496,2023,Mus musculus,3,Prolonged sleep deprivation induces cytokine storm-like syndrome in mammals [scRNA-Seq],likely_unreplicated,0,0,38016470,"Sleep is deeply involved in neuroimmune regulation, while the mechanism is yet to be elucidated. Experimental manipulation of sleep duration provides a reliable measure for evaluating how sleep regulates innate immunity. Here we report a modified sleep deprivation paradigm (SD) that can constantly awaken the mice with more than 95% efficiency, and investigate the effects of prolonged sleep depriva"
GSE221239,2023,Drosophila melanogaster,7,Single-cell transcriptomics reveals glial cells integrate homeostatic and circadian processes to drive sleep-wake cycle,replicated,0,1,38263460,"The sleep-wake cycle is determined by a circadian and a sleep homeostatic process. However, the molecular impact of these two processes and their interaction on different cell populations in the brain remain unknown. To fill this gap, we have profiled the single-cell transcriptome of adult fruit fly brains across the sleep-wake cycle and different circadian times. We show cell type-specific transc"
GSE222784,2023,Mus musculus,2,Neutrophil metalloproteinase driven spleen architecture breakdown hampers plasma cell generation and infection control of trypanosomiasis.,likely_unreplicated,0,0,37669943,"Recent blood transcriptomic analysis of rhodesiense sleeping sickness patients has revealed that neutrophil signature genes and activation markers constitute the top indicators of trypanosomiasis-associated inflammation. Here, we used single cell RNA sequencing (scRNA-seq) to analyze the diversity of neutrophils in the spleen. We show that Trypanosoma brucei infection results in expansion and diff"
GSE226098,2023,Mus musculus,4,Molecular Consequences of Peripheral Influenza A Infection on Cell Populations in the Murine Hypothalamus,likely_unreplicated,0,0,37698546,"Infection with Influenza A virus (IAV) causes the well-known symptoms of the flu, including fever, loss of appetite and excessive sleepiness. These responses, mediated by the brain, will normally disappear once the virus is cleared from the system, but a severe respiratory virus infection may cause long-lasting neurological disturbances. These include encephalitis lethargica and narcolepsy. The me"
GSE229436,2023,Mus musculus,4,The murine meninges acquire lymphoid tissue properties and harbour autoreactive B cells during chronic Trypanosoma brucei infection,likely_unreplicated,0,0,37983289,"The meningeal space is an important structure in the brain borders, which provides immunosurveillance for the central nervous system, but the impact of infections on the meningeal immune landscape is far from being fully understood. Trypanosoma brucei, the causative agents of Human African Trypanosomiasis or sleeping sickness, accumulates in the meningeal spaces, inducing severe meningitis and res"
GSE231764,2023,Mus musculus,12,RNA-seq of heart healthy and heart diseased SCGs and pineal glands,unclear,0,0,37471539,"Disruption of the physiologic sleep-wake cycle and low melatonin levels frequently accompany cardiac disease, yet the underlying mechanism has remained enigmatic. Immunostaining of sympathetic axons in optically cleared pineal glands from humans and mice with cardiac disease revealed their substantial denervation compared to controls. Spatial, single-cell, nuclear, and bulk RNA sequencing traced t"
GSE231765,2023,Mus musculus,2,single-nucleus RNA-seq of healthy (sham) and heart diseased (TAC) SCGs,likely_unreplicated,0,0,,"Disruption of the physiologic sleep-wake cycle and low melatonin levels frequently accompany cardiac disease, yet the underlying mechanism has remained enigmatic. Immunostaining of sympathetic axons in optically cleared pineal glands from humans and mice with cardiac disease revealed their substantial denervation compared to controls. Spatial, single-cell, nuclear, and bulk RNA sequencing traced t"
GSE231766,2023,Mus musculus,4,single-cell RNA-seq of healthy (ctrl) and heart diseased (TAC) SCGs,likely_unreplicated,0,0,37471539,"Disruption of the physiologic sleep-wake cycle and low melatonin levels frequently accompany cardiac disease, yet the underlying mechanism has remained enigmatic. Immunostaining of sympathetic axons in optically cleared pineal glands from humans and mice with cardiac disease revealed their substantial denervation compared to controls. Spatial, single-cell, nuclear, and bulk RNA sequencing traced t"
GSE233223,2023,Mus musculus,1,spatial RNA-seq of SCG,likely_unreplicated,0,0,37471539,"Disruption of the physiologic sleep-wake cycle and low melatonin levels frequently accompany cardiac disease, yet the underlying mechanism has remained enigmatic. Immunostaining of sympathetic axons in optically cleared pineal glands from humans and mice with cardiac disease revealed their substantial denervation compared to controls. Spatial, single-cell, nuclear, and bulk RNA sequencing traced t"
GSE245537,2023,Mus musculus,6,Persistence of homeostatic sleep drive is encoded by plasticity of a thalamic reuniens circuit,unclear,0,0,40536979,Purpose: snRNA-Seq was performed to characterize molecular differences that occur with sleep deprivation in the nucleus reuniens of the thalamus
GSE232164,2024,Mus musculus,12,RNAseq on PYMT cells  treated with TGFB2 and/or BMP4 in 3D matrigel,unclear,0,0,,"Dormancy of disseminated tumor cells in secondary organs leads to late breast cancer-related deaths after relapse. The bone marrow is one of the primary breast cancer metastatic sites and is associated with poor prognosis. Here, we investigated the role of major factors of the bone marrow, BMP4 and TGF?2, in regulating cancer cell dormancy. Unexpectedly, we observed that TGF?2 and BMP4 have a syne"
GSE241165,2024,Mus musculus,1248,Characterizing the gene expression profiles of 4T1 and 4T1.2 cells at different stages of bone metastsis using SMART-Seq2 technology,unclear,0,0,,"Bone metastasis, a frequent and devastating occurrence in breast cancer, affects over 70% of patients over time. Intriguingly, cancer cells residing within the bone microenvironment can serve as ""cancer seeds,"" disseminating to distant organs and driving extensive metastasis. Even post-successful primary tumor removal, quiescent cells can persist, contributing to bone recurrence. This phenomenon u"
GSE243489,2024,Mus musculus,19,Single-nucleus RNA-seq identifies one galanin neuronal subtype in mouse preoptic hypothalamus activated during recovery sleep after sleep deprivation,unclear,0,0,38703367,The preoptic area of hypothalamus plays an important role in sleep homeostasis. We used snRNA-seq to identify neurons involved in homeostatic sleep response.
GSE271816,2024,Mus musculus,10,Single cell RNA sequence data from intrahepatic immune cells of CHB(chronic hepatitis B) mice,replicated,0,1,39349249,"We successfully established a novel immunocompetent mouse model of CHB(chronic hepatitis B)  at the immune-active phase by a simple combination of a Fumarylacetoacetate hydrolase (FAH) knockout mouse, hydrodynamic tail vein injection, and sleeping-beauty transposon system. The employment of single-cell RNA sequence in this model revealed the comprehensive intrahepatic immune landscape in the immun"
GSE275089,2024,Mus musculus,7,"Single cell RNAseq of murine tissues after, sham operation, myocaradial infarction (MI) or MI and sleep fragmentation (SF)",unclear,0,0,39478215,"It remains unclear how sleep influences inflammatory pathways after myocardial infarction (SF). In this study, we relied on established murine models and assessed how sleep fragmentation (SF) alters transcriptional programing in the blood, heart, and brain after MI."
GSE280081,2024,Mus musculus,9,Protective role of aconitate decarboxylase 1 in neuroinflammation-induced dysfunctions of the paraventricular thalamus and sleepiness,unclear,0,0,,"Sleepiness is commonly associated with neuroinflammation; however, the underlying neuroregulatory mechanisms remain unclear. Previous research suggests that the paraventricular thalamus (PVT) plays a crucial role in regulating sleep‐wake dynamics; thus, neurological abnormalities in the PVT may contribute to neuroinflammation-induced sleepiness. To test this hypothesis, we performed electroencepha"
GSE280145,2024,Mus musculus,2,LK immunophenotype cells after sleep deprivation.,likely_unreplicated,0,0,,"To investigate the effects of sleep deprivation on hematopoietic stem cells in the bone marrow and the changes in the bone marrow microenvironment, we constructed a single-cell atlas."
GSE256140,2025,Mus musculus,8,Sleep need driven oscillation of glutamatergic synaptic phenotype,replicated,0,1,39950545,"The response to sleep loss, induced by experimental sleep deprivation (SD), provides insight into the function of sleep. Earlier observations have shown an overall increase in synaptic strength and number of cortical, glutamate, AMPA receptor (AMPAR) synapses in response to SD that is recovered by sleep. However, other aspects of glutamatergic transmission, including NMDA receptor mediated neurotr"
GSE264175,2025,Mus musculus,1,Respiratory viral infection promotes the awakening and outgrowth of dormant metastatic breast cancer cells in lungs,likely_unreplicated,0,0,40739350,Breast cancer is the second most common cancer globally. Most deaths from breast cancer are due to metastatic disease which often follows long periods of clinical dormancy. Understanding the mechanisms that disrupt the quiescence of dormant disseminated cancer cells (DCC) is crucial for addressing metastatic progression. Infection with respiratory viruses (e.g. influenza or SARS-CoV-2) is common a
GSE283582,2025,Mus musculus,6,Heat Shock Factor 1 Governs Sleep-Wake Cycles Across Species [RNA-Seq],unclear,0,0,,"Sleep represents a fundamental biological necessity, yet the molecular mechanisms controlling this essential process remain largely unknown. Sleep disruption marks numerous pathological states, suggesting undiscovered molecular regulators govern this vital function. While studies have mapped gene expression during sleep, the master regulators that translate sleep pressure into sleep behavior have "
GSE283583,2025,Mus musculus,18,Heat Shock Factor 1 Governs Sleep-Wake Cycles Across Species [CUT&RUN],unclear,0,0,,"Sleep represents a fundamental biological necessity, yet the molecular mechanisms controlling this essential process remain largely unknown. Sleep disruption marks numerous pathological states, suggesting undiscovered molecular regulators govern this vital function. While studies have mapped gene expression during sleep, the master regulators that translate sleep pressure into sleep behavior have "
GSE283586,2025,Mus musculus,1,Heat Shock Factor 1 Governs Sleep-Wake Cycles Across Species [snRNA-Seq],likely_unreplicated,0,0,,"Sleep represents a fundamental biological necessity, yet the molecular mechanisms controlling this essential process remain largely unknown. Sleep disruption marks numerous pathological states, suggesting undiscovered molecular regulators govern this vital function. While studies have mapped gene expression during sleep, the master regulators that translate sleep pressure into sleep behavior have "
GSE289089,2025,Mus musculus,4,Small intestinal crypt cell subsets and gene expression in sleep-deprived mice,likely_unreplicated,0,0,,"The level of 5-HT in the intestine of sleep-deprived mice is increased, which induces oxidative stress of intestinal stem cells by acting on HTR4 receptor. Single-cell RNA sequencing was used to analyze the changes in intestinal cell subsets and HTR4 expression after sleep deprivation"
GSE297845,2025,Mus musculus,18,The oncogenic potential of YAP requires Y357 phosphorylation in cholangiocytes but not in hepatocytes,unclear,0,0,41442017,"The transcriptional cofactor yes-associated protein (YAP) functions as a proto-oncogene and a key effector of the canonical Hippo pathway. Phosphorylation at serine 127 (S127) by core Hippo kinases inhibits YAP activity, while phosphorylation at tyrosine 357 (Y357) by SRC-family kinases promotes its activation. YAP activation has been implicated in many cancers, including primary liver cancers (PL"
GSE301350,2025,Mus musculus,2,Cell-Specific Transcriptomic and Mito-Nuclear Imbalance in Lungs Under Intermittent Hypoxia in Adult Male Mice. ,likely_unreplicated,0,1,,"Obstructive sleep apnea and its characteristic intermittent hypoxia (IH) are widely recognized as significant contributors to various pulmonary diseases, including asthma, pulmonary arterial hypertension, fibrosis, and chronic obstructive pulmonary disease. While single-cell RNA sequencing (scRNA-seq) has provided valuable insights into cell-type-specific responses to IH, previous studies have pri"
GSE218624,2026,Mus musculus,2,Single cell RNA-sequencing of the preoptic area of hypothalamus from sleep deprivation and rebound sleep mice,likely_unreplicated,0,0,42321470,"Using single-cell transcriptomics to search for hypothalamic neurons representing and controllling sleep pressure, we identified a group of neurons expressing Gpr139  in the preoptic area (POA) selectively activated during rebound sleep (RS) after sleep deprivation (SD)."
GSE284364,2026,Mus musculus,8,Rest-phase light disrupts hippocampal clock function and impairs object recognition memory,unclear,0,0,,"Light exposure during the circadian rest phase is common during shift work and late-night activity, but its effects on memory remain unclear. Here, we show that 6-day rest-phase light exposure (RPL), which combines mistimed light exposure with enforced wakefulness (EW) during the circadian rest phase, impairs long-term object recognition memory but not short-delay spatial memory. Behavioral testin"
GSE300997,2026,Mus musculus,127,Persistent cortical excitatory neuron dysregulation in adult Chd8 haploinsufficient mice,unclear,0,0,40501938,"CHD8 mutations cause autism spectrum disorder, cognitive deficits, and macrocephaly. Chd8+/- mouse models exhibit macrocephaly and transcriptional pathology, with inconsistent findings regarding neurogenesis, neuron function, and behavior. Via stereology and single nuclei transcriptomics (snRNA-seq), we found increased Chd8+/- cortical volume was not explained by increase in neuron number. Differe"
GSE301511,2026,Mus musculus,5,Persistent cortical excitatory neuron dysregulation in adult Chd8 haploinsufficient mice [snRNA-Seq],pooled_no_replication,1,0,40501938,"CHD8 mutations cause autism spectrum disorder, cognitive deficits, and macrocephaly. Chd8+/- mouse models exhibit macrocephaly and transcriptional pathology, with inconsistent findings regarding neurogenesis, neuron function, and behavior. Via stereology and single nuclei transcriptomics (snRNA-seq), we found increased Chd8+/- cortical volume was not explained by increase in neuron number. Differe"
GSE312840,2026,Mus musculus,2,Dual Orexin Receptor Antagonism with Lemborexant Enhances Microglial Clearance of β-Amyloid in Mice,likely_unreplicated,0,0,42174655,"Background: Sleep regulates brain amyloid-beta (Aβ) levels, and disruption of sleep is a risk factor for Alzheimer’s Disease (AD) and can exacerbate amyloid pathology. The orexin/hypocretin system, a key sleep-wake regulator, represents an emerging therapeutic target in AD, though the effects of FDA-approved dual orexin receptor antagonist drugs (DORAs) on amyloid pathology are unknown. Here, we a"
GSE316894,2026,Mus musculus,6,Spatiotemporal Dynamics of Peripheral Immunity in OSA: A Single-Cell Atlas of the Genioglossus,unclear,0,0,,"We have employed a single cell sequencing approach using 10x Genomics scRNAseq to study genioglossus' immune environment underobstructive sleep apnea (OSA) condition. Genioglossusvis a key therapeutic target for OSA. Our study thus  delineates a distinct spatiotemporal pattern of immune dysregulation, highlighting macrophages response as a potential key player in OSA-associated genioglossus injury"
GSE337822,2026,Mus musculus,20,Transcriptomic Signatures Reveal Overlapping Shared and DistinctYet State-Specific Preoptic Neuronal Ensembles Activated by Anesthesia and Sleep,unclear,0,0,,"General anesthesia and non-rapid-eye-movement (NREM) sleep share overlapping neuronal circuitry within the preoptic area (POA), yet they are fundamentally distinct states. We performed single nucleus RNA sequencing (snRNA-seq) on the POA from adult C57BL/6J mice after 30-minutes of breathing either 1.2% isoflurane in oxygen or an oxygen control. Cell clusters were identified by projecting to the e"
