region,comparison,Pomc_CPM_denom,Pomc_CPM_num,log2FC_Pomc_CPM,linear_FC_Pomc
Hypothalamus,SD_vs_NS,22369.04588075407,2605.212309722419,-3.1020308679405706,0.11646506174695172
Hypothalamus,RS_vs_NS,22369.04588075407,21251.241129906448,-0.07395662064277177,0.9500289481810504
Hypothalamus,RS_vs_SD,2605.212309722419,21251.241129906448,3.028074247297799,8.157201257877801
Brainstem,SD_vs_NS,37.56153231258932,14.816144717129294,-1.3420858232017854,0.39444995464584487
Brainstem,RS_vs_NS,37.56153231258932,22.76599449555171,-0.7223754360206265,0.6060986624851121
Brainstem,RS_vs_SD,14.816144717129294,22.76599449555171,0.6197103871811589,1.5365666933066202
Cortex,SD_vs_NS,11.163895174964505,9.82515363437604,-0.18428861132814675,0.8800829352473097
Cortex,RS_vs_NS,11.163895174964505,10.349700022115675,-0.10925153022917661,0.9270689002280588
Cortex,RS_vs_SD,9.82515363437604,10.349700022115675,0.07503708109897013,1.0533881104825031
