sample,brain_region,condition_code,n_cells,lib_size_total_counts,Pomc_total_counts,Pomc_CPM,Pcsk2_CPM,Pcsk1n_CPM,Gnas_CPM,Anxa2_CPM,Tbx3_CPM,mean_log1p_per_cell,mean_CPM_per_cell,pct_Pomc_pos
JHA710A1,Hypothalamus,A1,3491,3965301,88700,22369.04588075407,194.68887733869386,1503.7950460759473,2447.4812883057302,115.24976288054803,11.852820252485246,2.0288757678036937,27246.751185930363,50.386708679461464
JHA710A2,Hypothalamus,A2,2706,2121900,5528,2605.212309722419,75.40411894999765,1105.6128941043405,1589.1418068712003,126.77317498468354,13.195720816249587,0.31578606333462833,2287.476419633816,7.945306725794531
JHA710A3,Hypothalamus,A3,3916,5488950,116647,21251.241129906448,235.74636314777874,1174.9059474034195,2348.5366053616813,101.84097140618879,6.012078812887711,2.260529986114031,26192.05245680245,65.70480081716038
VAL173A1,Brainstem,A1,3731,4446038,167,37.56153231258932,26.99032261982466,169.36427443939976,513.265968486999,135.40145180945373,22.267016161355347,0.08242845001068609,34.18505099516563,3.8327526132404177
VAL173A2,Brainstem,A2,3519,3442191,51,14.816144717129294,34.571004339968354,210.33115245493352,408.46077396634877,142.93221962407083,20.045372264351396,0.03170151969025706,15.023020955419979,1.3924410343847684
VAL173A3,Brainstem,A3,3713,4875693,111,22.76599449555171,40.199413703857076,164.0792396075799,403.0196322861181,131.2633916860639,15.792626812229562,0.058519108147431956,24.063526644531702,2.747104767034743
VAL630A1,Cortex,A1,2575,1522766,17,11.163895174964505,407.1538240281173,798.5468548680493,644.2224215670694,31.521586376370372,5.910297445569444,0.01603819043877231,8.525362926148802,0.6601941747572815
VAL630A2,Cortex,A2,3175,1933812,19,9.82515363437604,373.8729514554672,773.6015703698188,732.2325024356038,34.129481045727296,14.996287126152904,0.01696632331725726,11.651199258686965,0.5984251968503937
VAL630A3,Cortex,A3,2745,3671604,38,10.349700022115675,454.8420799192941,917.8549756455217,779.7681885083467,31.593821120142582,6.809013172444523,0.027737447878282258,13.481940222452277,1.238615664845173
