TF,mean_A1,mean_A2,mean_A3,activity_log2FC,pvalue,regulon_size,padj
Pomc,2.96456511911589,2.541346441919874,3.079135181003187,-0.22222734586898452,3.2065313745226534e-84,3,2.7896822958347087e-82
Sox9,0.2012155156646935,0.28788943462712874,0.21971195374324362,0.5167711300143962,1.740021394379881e-18,50,1.5138186131104964e-16
Klf4,0.24023900925637828,0.4147527357461438,0.21997450250127049,0.7877785402056519,1.6230022445856095e-08,1,1.4120119527894802e-06
Jund,0.27216465952097985,0.4299621068006766,0.4524549837674713,0.6597278275558294,2.629027711744078e-08,1,2.2872541092173478e-06
Ar,0.16819935867327138,0.10283365228602138,0.1815070464265676,-0.7098542893086925,4.47370119294258e-08,4,3.892120037860044e-06
Tsc22d3,0.3553863435535867,0.40225808214184,0.3385901830320621,0.17873269082358445,1.0280814346722836e-06,5,8.944308481648868e-05
Nr5a1,0.2128525156370402,0.11540651806313224,0.23275709472871456,-0.8831237094557731,5.4659736648222115e-06,3,0.0004755397088395324
Sox2,0.19556670300591034,0.2143972573877997,0.19908126722965083,0.1326250433902425,9.476704334102659e-06,29,0.0008244732770669313
Dbp,0.3774084116762575,0.44056454686414104,0.3910893671831145,0.22322627701197773,1.1339588802845156e-05,3,0.0009865442258475286
Crem,0.0,0.0,0.0,0.0,1.0,0,1.0
Ctcf,0.0,0.0,0.0,0.0,1.0,0,1.0
Cry2,0.0,0.0,0.0,0.0,1.0,0,1.0
Cux1,0.0,0.0,0.0,0.0,1.0,0,1.0
Cry1,0.0,0.0,0.0,0.0,1.0,0,1.0
Bcl11b,0.0,0.0,0.0,0.0,1.0,0,1.0
Cebpb,0.0,0.0,0.0,0.0,1.0,0,1.0
Dlx2,0.0,0.0,0.0,0.0,1.0,0,1.0
Dlx1,0.0,0.0,0.0,0.0,1.0,0,1.0
Egr1,0.3282579154445636,0.4220961045476975,0.4808888056214193,0.36274073794842643,0.5742828329046843,9,1.0
Egr2,0.0,0.0,0.0,0.0,1.0,0,1.0
Fezf2,0.0,0.0,0.0,0.0,1.0,0,1.0
Fos,0.3316215656317764,0.39148041682599166,0.42469237250151204,0.2394016460759243,0.21927284625325794,14,1.0
Egr3,0.0,0.0,0.0,0.0,1.0,0,1.0
Esr1,0.0,0.0,0.0,0.0,1.0,0,1.0
Foxo1,0.0,0.0,0.0,0.0,1.0,0,1.0
Fosb,0.30020252657179713,0.36773380630240976,0.42728814775950646,0.2927248101000606,0.10825844378162157,11,1.0
Foxo3,0.0,0.0,0.0,0.0,1.0,0,1.0
Hdac1,0.0,0.0,0.0,0.0,1.0,0,1.0
Hlf,0.0,0.0,0.0,0.0,1.0,0,1.0
Cux2,0.0,0.0,0.0,0.0,1.0,0,1.0
Atf3,0.28822069680521645,0.364820159078729,0.4166944480084715,0.34001046301276006,0.12770761352150514,11,1.0
Arntl,0.0,0.0,0.0,0.0,1.0,0,1.0
Jun,0.3268120809920677,0.3834026503181991,0.40468185052955175,0.230398342889224,0.9167896384548998,20,1.0
Junb,0.3309485318913554,0.40159172513818403,0.43647747526277636,0.27912190486966826,0.20762967797412735,14,1.0
Klf9,0.0,0.0,0.0,0.0,1.0,0,1.0
Lhx6,0.0,0.0,0.0,0.0,1.0,0,1.0
Mef2c,0.0,0.0,0.0,0.0,1.0,0,1.0
Mef2d,0.0,0.0,0.0,0.0,1.0,0,1.0
Mafb,0.0,0.0,0.0,0.0,1.0,0,1.0
Mecp2,0.0,0.0,0.0,0.0,1.0,0,1.0
Neurod6,0.0,0.0,0.0,0.0,1.0,0,1.0
Nfil3,0.0,0.0,0.0,0.0,1.0,0,1.0
Nfkb1,0.0,0.0,0.0,0.0,1.0,0,1.0
Nkx2-1,0.0,0.0,0.0,0.0,1.0,0,1.0
Npas4,0.0,0.0,0.0,0.0,1.0,0,1.0
Nr1d1,0.0,0.0,0.0,0.0,1.0,0,1.0
Neurod1,0.0,0.0,0.0,0.0,1.0,0,1.0
Neurod2,0.0,0.0,0.0,0.0,1.0,0,1.0
Nr3c1,0.0,0.0,0.0,0.0,1.0,0,1.0
Nr1d2,0.0,0.0,0.0,0.0,1.0,0,1.0
Nr4a2,0.0,0.0,0.0,0.0,1.0,0,1.0
Nr4a1,0.6635107484535894,0.6971394339900412,0.7721082120244215,0.07132729517678771,0.8572921531650948,1,1.0
Nr5a2,0.0,0.0,0.0,0.0,1.0,0,1.0
Olig1,0.0,0.0,0.0,0.0,1.0,0,1.0
Olig2,0.0,0.0,0.0,0.0,1.0,0,1.0
Nr4a3,0.0,0.0,0.0,0.0,1.0,0,1.0
Per1,0.0,0.0,0.0,0.0,1.0,0,1.0
Per2,0.0,0.0,0.0,0.0,1.0,0,1.0
Ppara,0.0,0.0,0.0,0.0,1.0,0,1.0
Ppard,0.0,0.0,0.0,0.0,1.0,0,1.0
Pparg,0.0,0.0,0.0,0.0,1.0,0,1.0
Hdac2,0.0,0.0,0.0,0.0,1.0,0,1.0
Clock,0.0,0.0,0.0,0.0,1.0,0,1.0
Atf4,0.0,0.0,0.0,0.0,1.0,0,1.0
Rcor1,0.0,0.0,0.0,0.0,1.0,0,1.0
Rbm3,0.0,0.0,0.0,0.0,1.0,0,1.0
Ppargc1a,0.0,0.0,0.0,0.0,1.0,0,1.0
Rela,0.0,0.0,0.0,0.0,1.0,0,1.0
Rorc,0.0,0.0,0.0,0.0,1.0,0,1.0
Rxrg,0.0,0.0,0.0,0.0,1.0,0,1.0
Rora,0.0,0.0,0.0,0.0,1.0,0,1.0
Rest,0.0,0.0,0.0,0.0,1.0,0,1.0
Sim1,0.0,0.0,0.0,0.0,1.0,0,1.0
Satb2,0.0,0.0,0.0,0.0,1.0,0,1.0
Sox10,0.0,0.0,0.0,0.0,1.0,0,1.0
Sp1,0.0,0.0,0.0,0.0,1.0,0,1.0
Sp3,0.0,0.0,0.0,0.0,1.0,0,1.0
Srebf1,0.0,0.0,0.0,0.0,1.0,0,1.0
Srebf2,0.0,0.0,0.0,0.0,1.0,0,1.0
Rorb,0.0,0.0,0.0,0.0,1.0,0,1.0
Stat3,0.0,0.0,0.0,0.0,1.0,0,1.0
Stat5a,0.0,0.0,0.0,0.0,1.0,0,1.0
Tef,0.0,0.0,0.0,0.0,1.0,0,1.0
Tbr1,0.0,0.0,0.0,0.0,1.0,0,1.0
Thrb,0.0,0.0,0.0,0.0,1.0,0,1.0
Yy1,0.0,0.0,0.0,0.0,1.0,0,1.0
Zic1,0.0,0.0,0.0,0.0,1.0,0,1.0
